{
  "dummy_majority": {
    "accuracy": 0.5010121457489879,
    "f1": 0.0
  },
  "logistic_regression": {
    "accuracy": 0.7160931174089069,
    "f1": 0.7176648213387016,
    "roc_auc": 0.8057624930850082
  }
}